{
  "disease": "chickenpox",
  "method": "ensemble",
  "labels": [
    "1",
    "S",
    "I",
    "S\u00b2",
    "I\u00b2",
    "SI",
    "\u03b2(t)\u00b71",
    "\u03b2(t)\u00b7S",
    "\u03b2(t)\u00b7I",
    "\u03b2(t)\u00b7S\u00b2",
    "\u03b2(t)\u00b7I\u00b2",
    "\u03b2(t)\u00b7SI"
  ],
  "S0": 0.07686842105263159,
  "lambda_c": 0.0012742749857031334,
  "phi": 32.0,
  "aic": -18682.644524925847,
  "sparsity_r": 0.25,
  "n_params": 9,
  "alpha_reporting_rate": 1.0,
  "Xi": [
    [
      0.00015036837633840028,
      4.720026622301007e-05
    ],
    [
      1.002018393734903,
      -0.00038091655386572544
    ],
    [
      -0.01971875138919383,
      0.8266433260528849
    ],
    [
      -0.0026346281497557703,
      0.000523427939555472
    ],
    [
      -51.168923176295685,
      152.1834381202802
    ],
    [
      0.0,
      0.0
    ],
    [
      7.310571881746775e-07,
      5.025627226935598e-05
    ],
    [
      -0.0001376141930003738,
      0.0004289971476941516
    ],
    [
      -0.008951093447190195,
      -0.09444394990295729
    ],
    [
      6.719188028066203e-05,
      -0.0005382455137676408
    ],
    [
      0.0,
      0.0
    ],
    [
      0.09987399365720787,
      -0.038948601213633215
    ]
  ],
  "Xi_median": [
    [
      0.00015036837633840028,
      4.720026622301007e-05
    ],
    [
      1.002018393734903,
      -0.00038091655386572544
    ],
    [
      -0.01971875138919383,
      0.8266433260528849
    ],
    [
      -0.0026346281497557703,
      0.000523427939555472
    ],
    [
      -51.168923176295685,
      152.1834381202802
    ],
    [
      0.0,
      0.0
    ],
    [
      7.310571881746775e-07,
      5.025627226935598e-05
    ],
    [
      -0.0001376141930003738,
      0.0004289971476941516
    ],
    [
      -0.008951093447190195,
      -0.09444394990295729
    ],
    [
      6.719188028066203e-05,
      -0.0005382455137676408
    ],
    [
      0.0,
      0.0
    ],
    [
      0.09987399365720787,
      -0.038948601213633215
    ]
  ],
  "Xi_q25": [
    [
      0.00014322011246381563,
      4.2976809619633335e-05
    ],
    [
      1.0019727051007552,
      -0.00042366295659408844
    ],
    [
      -0.03505836913015583,
      0.8142438700767455
    ],
    [
      -0.002686068274549206,
      0.00046512690986370234
    ],
    [
      -61.776794244026384,
      139.52116090897857
    ],
    [
      0.0,
      0.0
    ],
    [
      -7.738396940348835e-06,
      3.6347221431494325e-05
    ],
    [
      -0.00021686431891487779,
      0.00037017809299401367
    ],
    [
      -0.03818260993791821,
      -0.10999213762613375
    ],
    [
      7.194594810140675e-06,
      -0.00062155473927182
    ],
    [
      0.0,
      0.0
    ],
    [
      0.0,
      -0.08474266202313903
    ]
  ],
  "Xi_q75": [
    [
      0.0001572402781392537,
      5.3594425341963e-05
    ],
    [
      1.0020488059119879,
      -0.00034366844140994987
    ],
    [
      -0.008746564457436372,
      0.8394992772946374
    ],
    [
      -0.002571375012185552,
      0.0005783779596644248
    ],
    [
      -32.179471516481314,
      169.75383939025812
    ],
    [
      0.0,
      0.0
    ],
    [
      3.206538501340783e-05,
      6.424879821387657e-05
    ],
    [
      -8.127466760239621e-05,
      0.00048750221056809975
    ],
    [
      0.013063588378517534,
      -0.07678660128448336
    ],
    [
      0.00012078237573519626,
      -0.00046564069221662584
    ],
    [
      0.0,
      0.0
    ],
    [
      0.15057425031657448,
      0.0
    ]
  ],
  "inclusion_prob": [
    [
      1.0,
      1.0
    ],
    [
      1.0,
      1.0
    ],
    [
      1.0,
      1.0
    ],
    [
      1.0,
      1.0
    ],
    [
      1.0,
      1.0
    ],
    [
      0.0,
      0.0
    ],
    [
      0.91,
      0.91
    ],
    [
      1.0,
      1.0
    ],
    [
      0.98,
      0.98
    ],
    [
      1.0,
      1.0
    ],
    [
      0.09,
      0.09
    ],
    [
      0.54,
      0.54
    ]
  ],
  "Xi_filtered": [
    [
      0.00014874052324747444,
      4.8815369245986576e-05
    ],
    [
      1.0020246200746628,
      -0.00038398126844363693
    ],
    [
      -0.0073218266679226296,
      0.8139692751820216
    ],
    [
      -0.002671156536251565,
      0.0005337373294958825
    ],
    [
      -63.71225551686657,
      170.10412212012963
    ],
    [
      0.0,
      0.0
    ],
    [
      -7.947805826025167e-06,
      6.239890572461244e-05
    ],
    [
      -9.638392817984398e-05,
      0.00038798426336292063
    ],
    [
      0.013249953845936779,
      -0.10782630843765624
    ],
    [
      9.731700748569216e-05,
      -0.0005491188210991255
    ],
    [
      0.0,
      0.0
    ],
    [
      0.0,
      0.0
    ]
  ],
  "n_bootstrap": 100,
  "inclusion_threshold": 0.6,
  "threshold_sensitivity": {
    "0.5": 10,
    "0.6": 9,
    "0.7": 9,
    "0.8": 9
  }
}