{
  "disease": "chickenpox",
  "method": "baseline",
  "labels": [
    "1",
    "S",
    "I",
    "S\u00b2",
    "I\u00b2",
    "SI",
    "\u03b2(t)\u00b71",
    "\u03b2(t)\u00b7S",
    "\u03b2(t)\u00b7I",
    "\u03b2(t)\u00b7S\u00b2",
    "\u03b2(t)\u00b7I\u00b2",
    "\u03b2(t)\u00b7SI"
  ],
  "S0": 0.0668421052631579,
  "lambda_c": 0.0012742749857031334,
  "phi": 28.0,
  "aic": -2256.4877974515275,
  "sparsity_r": 0.33333333333333337,
  "n_params": 8,
  "alpha_reporting_rate": 1.0,
  "Xi": [
    [
      0.00017438032845230208,
      7.307378070347632e-05
    ],
    [
      1.001861919399016,
      0.00017850364795955184
    ],
    [
      -0.09160731861458536,
      0.9300540587869519
    ],
    [
      -0.002571880946089719,
      -0.00032045189245072207
    ],
    [
      0.0,
      0.0
    ],
    [
      0.0,
      0.0
    ],
    [
      1.6514702366965395e-05,
      -5.601120133229753e-05
    ],
    [
      -2.860363687573475e-06,
      -0.00021807436426020415
    ],
    [
      0.0009840321815908644,
      0.05386227219761742
    ],
    [
      3.20381866373981e-05,
      0.0003701682975375098
    ],
    [
      0.0,
      0.0
    ],
    [
      0.0,
      0.0
    ]
  ]
}