{
  "disease": "measles",
  "S0_paper": 0.11286,
  "lambda_paper": 0.00517,
  "phi_chosen": 0.0,
  "preprocessing": {
    "S_t_mean": 0.17577528564284806,
    "S_t_min": 0.11286,
    "S_t_max": 0.2592314862032648,
    "I_t_mean": 0.0005662721893491124,
    "I_t_min": 3.845290119322429e-05,
    "I_t_max": 0.0026002008298794577,
    "alpha_reporting_rate": 1.0
  },
  "theta_diagnostic": {
    "condition_number": 14964094.207776302,
    "column_norms": {
      "1": 31.464265445104548,
      "S": 5.679484687980831,
      "I": 0.024297423891004498,
      "S\u00b2": 1.1318753115980678,
      "I\u00b2": 3.725758693786305e-05,
      "SI": 0.004282902609793445,
      "\u03b2(t)\u00b71": 38.60014104452094,
      "\u03b2(t)\u00b7S": 7.000766415252938,
      "\u03b2(t)\u00b7I": 0.029943496184835935,
      "\u03b2(t)\u00b7S\u00b2": 1.4014324027147116,
      "\u03b2(t)\u00b7I\u00b2": 4.559251058915013e-05,
      "\u03b2(t)\u00b7SI": 0.005242757066034331
    }
  },
  "paper_reference_I_eq": {
    "1": 0.002,
    "S": -0.037,
    "I": -1.554,
    "S\u00b2": 0.139,
    "I\u00b2": 0.0,
    "SI": 20.618,
    "\u03b2(t)": -0.013,
    "\u03b2(t)\u00b7S": 0.2,
    "\u03b2(t)\u00b7I": 0.0,
    "\u03b2(t)\u00b7S\u00b2": -0.0779,
    "\u03b2(t)\u00b7SI": 26.409,
    "\u03b2(t)\u00b7I\u00b2": 0.0
  },
  "fits": {
    "ols_X_next": {
      "1": 6.511576399105129e-05,
      "S": -0.0009929848082004327,
      "I": 0.9608988933950379,
      "S\u00b2": 0.003461191882141378,
      "I\u00b2": 1.494507024894988,
      "SI": -0.2604500836269195,
      "\u03b2(t)\u00b71": -0.00011726438372488515,
      "\u03b2(t)\u00b7S": 0.0016170983168395112,
      "\u03b2(t)\u00b7I": 0.04088658296766928,
      "\u03b2(t)\u00b7S\u00b2": -0.0052862550238482135,
      "\u03b2(t)\u00b7I\u00b2": -22.628734581432976,
      "\u03b2(t)\u00b7SI": 0.4181420969051033
    },
    "sparsify_X_next": {
      "1": -6.489377330192727e-06,
      "S": 5.7967839588378336e-05,
      "I": 0.9948829161015259,
      "S\u00b2": 0.0,
      "I\u00b2": 0.0,
      "SI": 0.0,
      "\u03b2(t)\u00b71": 0.0,
      "\u03b2(t)\u00b7S": 0.0,
      "\u03b2(t)\u00b7I": 0.0,
      "\u03b2(t)\u00b7S\u00b2": 0.0,
      "\u03b2(t)\u00b7I\u00b2": 0.0,
      "\u03b2(t)\u00b7SI": 0.0
    },
    "ols_delta_X": {
      "1": 6.51157639911427e-05,
      "S": -0.000992984808200507,
      "I": -0.03910110660496478,
      "S\u00b2": 0.003461191882142027,
      "I\u00b2": 1.4945070248981522,
      "SI": -0.26045008362692595,
      "\u03b2(t)\u00b71": -0.00011726438372499965,
      "\u03b2(t)\u00b7S": 0.0016170983168396227,
      "\u03b2(t)\u00b7I": 0.04088658296766916,
      "\u03b2(t)\u00b7S\u00b2": -0.005286255023848452,
      "\u03b2(t)\u00b7I\u00b2": -22.62873458143298,
      "\u03b2(t)\u00b7SI": 0.4181420969051033
    },
    "sparsify_delta_X": {
      "1": 3.824468995127908e-06,
      "S": 0.0,
      "I": -0.005345800494450163,
      "S\u00b2": 0.0,
      "I\u00b2": 0.0,
      "SI": 0.0,
      "\u03b2(t)\u00b71": 0.0,
      "\u03b2(t)\u00b7S": 0.0,
      "\u03b2(t)\u00b7I": 0.0,
      "\u03b2(t)\u00b7S\u00b2": 0.0,
      "\u03b2(t)\u00b7I\u00b2": 0.0,
      "\u03b2(t)\u00b7SI": 0.0
    },
    "ols_low_beta": {
      "1": 0.000416908915166662,
      "S": -0.005844279758723192,
      "I": 0.8382391444919802,
      "S\u00b2": 0.019319956953692947,
      "I\u00b2": 69.38071076923427,
      "SI": -1.5148763743423346,
      "\u03b2(t)\u00b71": -0.00046905753490036287,
      "\u03b2(t)\u00b7S": 0.006468393267360567,
      "\u03b2(t)\u00b7I": 0.16354633187067474,
      "\u03b2(t)\u00b7S\u00b2": -0.021145020095394238,
      "\u03b2(t)\u00b7I\u00b2": -90.5149383257331,
      "\u03b2(t)\u00b7SI": 1.672568387620425
    }
  },
  "headline_term_recovery": {
    "SI": {
      "paper": 20.618,
      "ols_X_next": -0.2604500836269195,
      "ols_X_next_ratio": -0.01263217012449896,
      "sparsify_X_next": 0.0,
      "sparsify_X_next_ratio": 0.0,
      "ols_delta_X": -0.26045008362692595,
      "ols_delta_X_ratio": -0.012632170124499272,
      "sparsify_delta_X": 0.0,
      "sparsify_delta_X_ratio": 0.0,
      "ols_low_beta": -1.5148763743423346,
      "ols_low_beta_ratio": -0.07347348793977761
    },
    "\u03b2(t)\u00b7SI": {
      "paper": 26.409,
      "ols_X_next": 0.4181420969051033,
      "ols_X_next_ratio": 0.015833318069790728,
      "sparsify_X_next": 0.0,
      "sparsify_X_next_ratio": 0.0,
      "ols_delta_X": 0.4181420969051033,
      "ols_delta_X_ratio": 0.015833318069790728,
      "sparsify_delta_X": 0.0,
      "sparsify_delta_X_ratio": 0.0,
      "ols_low_beta": 1.672568387620425,
      "ols_low_beta_ratio": 0.06333327227916336
    },
    "S\u00b2": {
      "paper": 0.139,
      "ols_X_next": 0.003461191882141378,
      "ols_X_next_ratio": 0.02490066102259984,
      "sparsify_X_next": 0.0,
      "sparsify_X_next_ratio": 0.0,
      "ols_delta_X": 0.003461191882142027,
      "ols_delta_X_ratio": 0.02490066102260451,
      "sparsify_delta_X": 0.0,
      "sparsify_delta_X_ratio": 0.0,
      "ols_low_beta": 0.019319956953692947,
      "ols_low_beta_ratio": 0.1389924960697334
    },
    "I": {
      "paper": -1.554,
      "ols_X_next": 0.9608988933950379,
      "ols_X_next_ratio": -0.6183390562387631,
      "sparsify_X_next": 0.9948829161015259,
      "sparsify_X_next_ratio": -0.6402077967191286,
      "ols_delta_X": -0.03910110660496478,
      "ols_delta_X_ratio": 0.0251615872618821,
      "sparsify_delta_X": -0.005345800494450163,
      "sparsify_delta_X_ratio": 0.0034400260582047376,
      "ols_low_beta": 0.8382391444919802,
      "ols_low_beta_ratio": -0.5394074288880182
    }
  }
}