{
  "disease": "measles",
  "method": "ensemble",
  "labels": [
    "1",
    "S",
    "I",
    "S\u00b2",
    "I\u00b2",
    "SI",
    "\u03b2(t)\u00b71",
    "\u03b2(t)\u00b7S",
    "\u03b2(t)\u00b7I",
    "\u03b2(t)\u00b7S\u00b2",
    "\u03b2(t)\u00b7I\u00b2",
    "\u03b2(t)\u00b7SI"
  ],
  "S0": 0.07202631578947369,
  "lambda_c": 0.0012742749857031334,
  "phi": 50.0,
  "aic": -14738.965373114754,
  "sparsity_r": 0.41666666666666663,
  "n_params": 7,
  "alpha_reporting_rate": 1.0,
  "Xi": [
    [
      0.00027959527403514396,
      2.4725605599594497e-05
    ],
    [
      1.00019261470334,
      -0.0006452498979535692
    ],
    [
      -0.3106000482053236,
      0.9328696857740191
    ],
    [
      0.001614874386292783,
      0.002747357408106581
    ],
    [
      0.0,
      0.0
    ],
    [
      0.0,
      0.0
    ],
    [
      0.0,
      -1.1807647269777182e-06
    ],
    [
      -0.00016902741600857696,
      0.0008229006563551505
    ],
    [
      0.0,
      0.0
    ],
    [
      0.001019885809852893,
      -0.0032819151824796085
    ],
    [
      0.0,
      0.0
    ],
    [
      -0.21086817370511968,
      0.5492197984049272
    ]
  ],
  "Xi_median": [
    [
      0.00027959527403514396,
      2.4725605599594497e-05
    ],
    [
      1.00019261470334,
      -0.0006452498979535692
    ],
    [
      -0.3106000482053236,
      0.9328696857740191
    ],
    [
      0.001614874386292783,
      0.002747357408106581
    ],
    [
      0.0,
      0.0
    ],
    [
      0.0,
      0.0
    ],
    [
      0.0,
      -1.1807647269777182e-06
    ],
    [
      -0.00016902741600857696,
      0.0008229006563551505
    ],
    [
      0.0,
      0.0
    ],
    [
      0.001019885809852893,
      -0.0032819151824796085
    ],
    [
      0.0,
      0.0
    ],
    [
      -0.21086817370511968,
      0.5492197984049272
    ]
  ],
  "Xi_q25": [
    [
      0.00027049120405393156,
      -3.6111432960837647e-06
    ],
    [
      0.9999913170938646,
      -0.0009825235300195418
    ],
    [
      -0.33483958441254574,
      0.9281312945378649
    ],
    [
      0.0008202410316047451,
      0.0017416188105886662
    ],
    [
      0.0,
      0.0
    ],
    [
      0.0,
      0.0
    ],
    [
      0.0,
      -4.966569785250406e-05
    ],
    [
      -0.00028156724275089223,
      0.00043572535335036907
    ],
    [
      -0.0275999304979291,
      0.0
    ],
    [
      0.0007540075207262834,
      -0.004580638556500491
    ],
    [
      0.0,
      0.0
    ],
    [
      -0.2320906548873687,
      0.0
    ]
  ],
  "Xi_q75": [
    [
      0.00029467969410633106,
      4.9056940782628056e-05
    ],
    [
      1.0003886607666441,
      -0.00022499372030852088
    ],
    [
      -0.30796897065152384,
      0.9846658685019816
    ],
    [
      0.0021189760922216486,
      0.004002206995329839
    ],
    [
      0.0,
      0.0
    ],
    [
      0.0,
      0.0
    ],
    [
      1.534723142473937e-05,
      0.0
    ],
    [
      -0.00011002964820754774,
      0.00107693947174619
    ],
    [
      0.0,
      0.07071425425600344
    ],
    [
      0.0012586742138991358,
      -0.002914423775997643
    ],
    [
      0.0,
      0.0
    ],
    [
      0.0,
      0.601906255723077
    ]
  ],
  "inclusion_prob": [
    [
      1.0,
      1.0
    ],
    [
      1.0,
      1.0
    ],
    [
      1.0,
      1.0
    ],
    [
      0.93,
      0.93
    ],
    [
      0.0,
      0.0
    ],
    [
      0.22,
      0.22
    ],
    [
      0.51,
      0.51
    ],
    [
      0.95,
      0.95
    ],
    [
      0.29,
      0.29
    ],
    [
      0.95,
      0.95
    ],
    [
      0.0,
      0.0
    ],
    [
      0.61,
      0.61
    ]
  ],
  "Xi_filtered": [
    [
      0.00028098714120582417,
      1.7976164178173107e-05
    ],
    [
      1.000174176752624,
      -0.0004652324251956906
    ],
    [
      -0.3102966442931162,
      0.9338997119644945
    ],
    [
      0.001708180852990307,
      0.0020469638142026968
    ],
    [
      0.0,
      0.0
    ],
    [
      0.0,
      0.0
    ],
    [
      0.0,
      0.0
    ],
    [
      -0.00013644503214904624,
      0.0004605726923918138
    ],
    [
      0.0,
      0.0
    ],
    [
      0.0009097520141811838,
      -0.0028941891254400257
    ],
    [
      0.0,
      0.0
    ],
    [
      -0.216501387421569,
      0.5543387614153187
    ]
  ],
  "n_bootstrap": 100,
  "inclusion_threshold": 0.6,
  "threshold_sensitivity": {
    "0.5": 8,
    "0.6": 7,
    "0.7": 6,
    "0.8": 6
  }
}