{
  "disease": "measles",
  "method": "baseline",
  "labels": [
    "1",
    "S",
    "I",
    "S\u00b2",
    "I\u00b2",
    "SI",
    "\u03b2(t)\u00b71",
    "\u03b2(t)\u00b7S",
    "\u03b2(t)\u00b7I",
    "\u03b2(t)\u00b7S\u00b2",
    "\u03b2(t)\u00b7I\u00b2",
    "\u03b2(t)\u00b7SI"
  ],
  "S0": 0.06263157894736843,
  "lambda_c": 0.0012742749857031334,
  "phi": 50.0,
  "aic": -1981.4521416289713,
  "sparsity_r": 0.5,
  "n_params": 6,
  "alpha_reporting_rate": 1.0,
  "Xi": [
    [
      0.0002869308998022842,
      4.131404578668927e-06
    ],
    [
      1.0004302148129025,
      -0.001017031610475486
    ],
    [
      -0.33774759824953193,
      1.0042008556724675
    ],
    [
      0.0008151309886165331,
      0.004397188013607564
    ],
    [
      0.0,
      0.0
    ],
    [
      0.0,
      0.0
    ],
    [
      0.0,
      0.0
    ],
    [
      -0.00029392695694907545,
      0.0008699057254367927
    ],
    [
      0.0,
      0.0
    ],
    [
      0.0011868450636607908,
      -0.0036663249324727157
    ],
    [
      0.0,
      0.0
    ],
    [
      0.0,
      0.0
    ]
  ]
}