{
  "disease": "rubella",
  "method": "baseline",
  "labels": [
    "1",
    "S",
    "I",
    "S\u00b2",
    "I\u00b2",
    "SI",
    "\u03b2(t)\u00b71",
    "\u03b2(t)\u00b7S",
    "\u03b2(t)\u00b7I",
    "\u03b2(t)\u00b7S\u00b2",
    "\u03b2(t)\u00b7I\u00b2",
    "\u03b2(t)\u00b7SI"
  ],
  "S0": 0.11315789473684211,
  "lambda_c": 0.005455594781168515,
  "phi": 26.0,
  "aic": -1400.4772789598996,
  "sparsity_r": 0.6666666666666667,
  "n_params": 4,
  "alpha_reporting_rate": 1.0,
  "Xi": [
    [
      0.000289214420539275,
      3.260474416655557e-06
    ],
    [
      1.00074275515985,
      1.7539026644452713e-05
    ],
    [
      -0.02354164377455448,
      0.6881714985866638
    ],
    [
      0.0,
      0.0
    ],
    [
      0.0,
      0.0
    ],
    [
      0.0,
      0.0
    ],
    [
      0.0,
      0.0
    ],
    [
      0.0,
      0.0
    ],
    [
      -0.00942124697136929,
      0.2217817658996815
    ],
    [
      0.0,
      0.0
    ],
    [
      0.0,
      0.0
    ],
    [
      0.0,
      0.0
    ]
  ]
}