{
  "disease": "rubella",
  "method": "ensemble",
  "labels": [
    "1",
    "S",
    "I",
    "S\u00b2",
    "I\u00b2",
    "SI",
    "\u03b2(t)\u00b71",
    "\u03b2(t)\u00b7S",
    "\u03b2(t)\u00b7I",
    "\u03b2(t)\u00b7S\u00b2",
    "\u03b2(t)\u00b7I\u00b2",
    "\u03b2(t)\u00b7SI"
  ],
  "S0": 0.11315789473684211,
  "lambda_c": 0.002734274456165233,
  "phi": 22.0,
  "aic": -10032.237675104376,
  "sparsity_r": 0.41666666666666663,
  "n_params": 7,
  "alpha_reporting_rate": 1.0,
  "Xi": [
    [
      0.00029286312634087426,
      -1.4198285506234996e-05
    ],
    [
      1.0007189168394612,
      8.478862788388066e-05
    ],
    [
      -0.0707776786031537,
      1.3598775262733946
    ],
    [
      0.0,
      0.0
    ],
    [
      -3.3712999659746705,
      25.19656886831002
    ],
    [
      0.10666988424299342,
      -0.6725057389710449
    ],
    [
      0.0,
      0.0
    ],
    [
      0.0,
      0.0
    ],
    [
      0.02974415173509995,
      -0.35757300097707756
    ],
    [
      0.0,
      0.0
    ],
    [
      0.0,
      0.0
    ],
    [
      -0.055319321992670575,
      0.5026809385248441
    ]
  ],
  "Xi_median": [
    [
      0.00029286312634087426,
      -1.4198285506234996e-05
    ],
    [
      1.0007189168394612,
      8.478862788388066e-05
    ],
    [
      -0.0707776786031537,
      1.3598775262733946
    ],
    [
      0.0,
      0.0
    ],
    [
      -3.3712999659746705,
      25.19656886831002
    ],
    [
      0.10666988424299342,
      -0.6725057389710449
    ],
    [
      0.0,
      0.0
    ],
    [
      0.0,
      0.0
    ],
    [
      0.02974415173509995,
      -0.35757300097707756
    ],
    [
      0.0,
      0.0
    ],
    [
      0.0,
      0.0
    ],
    [
      -0.055319321992670575,
      0.5026809385248441
    ]
  ],
  "Xi_q25": [
    [
      0.0002910361226064377,
      -2.019618761526316e-05
    ],
    [
      1.0007139113404322,
      6.401589862720818e-05
    ],
    [
      -0.0757163687856546,
      1.3129366461902021
    ],
    [
      0.0,
      0.0
    ],
    [
      -3.7638628750498806,
      18.826552295833604
    ],
    [
      0.09125421586839338,
      -0.9028443824289897
    ],
    [
      0.0,
      0.0
    ],
    [
      0.0,
      0.0
    ],
    [
      0.022936256793043192,
      -0.3936009318204213
    ],
    [
      0.0,
      0.0
    ],
    [
      0.0,
      0.0
    ],
    [
      -0.06754816805485361,
      0.40255182354490204
    ]
  ],
  "Xi_q75": [
    [
      0.0002951446892164412,
      -9.925142687968158e-06
    ],
    [
      1.0007268877537447,
      9.781560695371928e-05
    ],
    [
      -0.06578920240035913,
      1.403463587271498
    ],
    [
      0.0,
      0.0
    ],
    [
      -0.8351312395086042,
      28.101370699438164
    ],
    [
      0.12457824650581169,
      -0.5287859506847894
    ],
    [
      0.0,
      0.0
    ],
    [
      0.0,
      0.0
    ],
    [
      0.03363565469547379,
      -0.30812735128016955
    ],
    [
      0.0,
      0.0
    ],
    [
      0.0,
      0.0
    ],
    [
      -0.03678684263840565,
      0.6565698778600637
    ]
  ],
  "inclusion_prob": [
    [
      1.0,
      1.0
    ],
    [
      1.0,
      1.0
    ],
    [
      1.0,
      1.0
    ],
    [
      0.0,
      0.0
    ],
    [
      0.76,
      0.76
    ],
    [
      0.9,
      0.9
    ],
    [
      0.01,
      0.01
    ],
    [
      0.01,
      0.01
    ],
    [
      1.0,
      1.0
    ],
    [
      0.01,
      0.01
    ],
    [
      0.11,
      0.11
    ],
    [
      0.86,
      0.86
    ]
  ],
  "Xi_filtered": [
    [
      0.00029315259513052177,
      -1.4405294071812059e-05
    ],
    [
      1.0007183800757906,
      8.762254459491418e-05
    ],
    [
      -0.06871317176384463,
      1.3658213766972926
    ],
    [
      0.0,
      0.0
    ],
    [
      -3.5784392340220017,
      25.882224411311572
    ],
    [
      0.10955752234865013,
      -0.7385151088774581
    ],
    [
      0.0,
      0.0
    ],
    [
      0.0,
      0.0
    ],
    [
      0.02978914526385191,
      -0.3668921338296273
    ],
    [
      0.0,
      0.0
    ],
    [
      0.0,
      0.0
    ],
    [
      -0.05666263958440915,
      0.5549495208441706
    ]
  ],
  "n_bootstrap": 100,
  "inclusion_threshold": 0.6,
  "threshold_sensitivity": {
    "0.5": 7,
    "0.6": 7,
    "0.7": 7,
    "0.8": 6
  }
}